{
    "indices": [
        4,
        1,
        5,
        1,
        4,
        0,
        5,
        2,
        6,
        2,
        5,
        1,
        6,
        3,
        7,
        3,
        6,
        2,
        7,
        0,
        4,
        0,
        7,
        3,
        0,
        2,
        1,
        2,
        0,
        3,
        7,
        5,
        6,
        5,
        7,
        4
    ],
    "normals": [
        -0.5773502588272095,
        -0.5773502588272095,
        0.5773502588272095,
        -0.5773502588272095,
        -0.5773502588272095,
        -0.5773502588272095,
        0.5773502588272095,
        -0.5773502588272095,
        -0.5773502588272095,
        0.5773502588272095,
        -0.5773502588272095,
        0.5773502588272095,
        -0.5773502588272095,
        0.5773502588272095,
        0.5773502588272095,
        -0.5773502588272095,
        0.5773502588272095,
        -0.5773502588272095,
        0.5773502588272095,
        0.5773502588272095,
        -0.5773502588272095,
        0.5773502588272095,
        0.5773502588272095,
        0.5773502588272095
    ],
    "vertices": [
        -1.0,
        -0.9999999403953552,
        1.0,
        -1.0,
        -1.0,
        -0.9999999403953552,
        1.0,
        -1.0,
        -0.9999999403953552,
        1.0,
        -0.9999999403953552,
        1.0,
        -1.0,
        1.0,
        0.9999999403953552,
        -1.0,
        0.9999999403953552,
        -1.0,
        1.0,
        0.9999999403953552,
        -1.0,
        1.0,
        1.0,
        0.9999999403953552
    ]
}