{
    "armatures": [
        {
            "bones": [
                {
                    "name": "Bone",
                    "orientation": {
                        "w": 1.0,
                        "x": -2.1855694143368964e-08,
                        "y": 0.0,
                        "z": 0.0
                    },
                    "scale": {
                        "x": 1.0,
                        "y": 1.0,
                        "z": 1.0
                    },
                    "translation": {
                        "x": 0.0,
                        "y": 0.0,
                        "z": 0.0
                    }
                }
            ],
            "name": "Armature"
        }
    ],
    "submeshes": [
        {
            "armature": "Armature",
            "groups": [
                {
                    "index": 0,
                    "name": "Bone"
                }
            ],
            "indices": [
                0,
                1,
                3,
                3,
                2,
                0
            ],
            "normals": [
                0.0,
                1.0,
                -4.371138828673793e-08,
                0.0,
                1.0,
                -4.371138828673793e-08,
                0.0,
                1.0,
                -4.371138828673793e-08,
                0.0,
                1.0,
                -4.371138828673793e-08
            ],
            "vertices": [
                -1.4141747951507568,
                -4.574877143781464e-10,
                -0.01046609878540039,
                -0.01046609878540039,
                6.181554113027232e-08,
                1.4141747951507568,
                0.01046609878540039,
                -6.181554113027232e-08,
                -1.4141747951507568,
                1.4141747951507568,
                4.574877143781464e-10,
                0.01046609878540039
            ],
            "weights": [
                [
                    {
                        "index": 0,
                        "weight": 1.0
                    }
                ],
                [
                    {
                        "index": 0,
                        "weight": 1.0
                    }
                ],
                [
                    {
                        "index": 0,
                        "weight": 1.0
                    }
                ],
                [
                    {
                        "index": 0,
                        "weight": 1.0
                    }
                ]
            ]
        }
    ]
}