{
    "armatures": [
        {
            "bones": [
                {
                    "name": "Bone",
                    "orientation": {
                        "w": 1.0,
                        "x": -2.1855694143368964e-08,
                        "y": 0.0,
                        "z": 0.0
                    },
                    "scale": {
                        "x": 1.0,
                        "y": 1.0,
                        "z": 1.0
                    },
                    "translation": {
                        "x": 0.0,
                        "y": 0.0,
                        "z": 0.0
                    }
                }
            ],
            "name": "Armature"
        }
    ],
    "submeshes": [
        {
            "armature": "",
            "groups": [],
            "indices": [
                0,
                1,
                3,
                3,
                2,
                0
            ],
            "normals": [
                0.0,
                1.0,
                -4.371138828673793e-08,
                0.0,
                1.0,
                -4.371138828673793e-08,
                0.0,
                1.0,
                -4.371138828673793e-08,
                0.0,
                1.0,
                -4.371138828673793e-08
            ],
            "vertices": [
                -1.0,
                4.371138828673793e-08,
                1.0,
                1.0,
                4.371138828673793e-08,
                1.0,
                -1.0,
                -4.371138828673793e-08,
                -1.0,
                1.0,
                -4.371138828673793e-08,
                -1.0
            ],
            "weights": [
                [],
                [],
                [],
                []
            ]
        }
    ]
}