{
    "armatures": [
        {
            "bones": [
                {
                    "name": "Bone",
                    "orientation": {
                        "w": 0.7071068286895752,
                        "x": 0.7071068286895752,
                        "y": 0.0,
                        "z": 0.0
                    },
                    "scale": {
                        "x": 1.0,
                        "y": 1.0,
                        "z": 1.0
                    },
                    "translation": {
                        "x": 0.0,
                        "y": 0.0,
                        "z": 0.0
                    }
                }
            ],
            "name": "Armature"
        }
    ],
    "submeshes": [
        {
            "armature": "Armature",
            "groups": [
                {
                    "index": 0,
                    "name": "Bone"
                }
            ],
            "indices": [
                0,
                1,
                3,
                3,
                2,
                0
            ],
            "normals": [
                0.0,
                1.0,
                -4.371138828673793e-08,
                0.0,
                1.0,
                -4.371138828673793e-08,
                0.0,
                1.0,
                -4.371138828673793e-08,
                0.0,
                1.0,
                -4.371138828673793e-08
            ],
            "vertices": [
                -1.0,
                4.371138828673793e-08,
                1.0,
                1.0,
                4.371138828673793e-08,
                1.0,
                -1.0,
                -4.371138828673793e-08,
                -1.0,
                1.0,
                -4.371138828673793e-08,
                -1.0
            ],
            "weights": [
                [
                    {
                        "index": 0,
                        "weight": 1.0
                    }
                ],
                [
                    {
                        "index": 0,
                        "weight": 1.0
                    }
                ],
                [
                    {
                        "index": 0,
                        "weight": 1.0
                    }
                ],
                [
                    {
                        "index": 0,
                        "weight": 1.0
                    }
                ]
            ]
        }
    ]
}