{
    "armatures": [
        {
            "bones": [
                {
                    "name": "Bone",
                    "orientation": {
                        "w": 1.0,
                        "x": -2.1855694143368964e-08,
                        "y": 0.0,
                        "z": 0.0
                    },
                    "parent": -1,
                    "scale": {
                        "x": 1.0,
                        "y": 1.0,
                        "z": 1.0
                    },
                    "translation": {
                        "x": 0.0,
                        "y": 0.0,
                        "z": 0.0
                    }
                },
                {
                    "name": "Bone.001",
                    "orientation": {
                        "w": 1.0,
                        "x": 0.0,
                        "y": 0.0,
                        "z": 0.0
                    },
                    "parent": 0,
                    "scale": {
                        "x": 1.0,
                        "y": 1.0,
                        "z": 1.0
                    },
                    "translation": {
                        "x": 0.0,
                        "y": 0.0,
                        "z": 0.0
                    }
                }
            ],
            "name": "Armature"
        }
    ],
    "submeshes": [
        {
            "armature": "Armature",
            "groups": [
                {
                    "index": 0,
                    "name": "Bone.001"
                }
            ],
            "indices": [
                0,
                1,
                3,
                3,
                2,
                0
            ],
            "normals": [
                0.23413801193237305,
                0.9721976518630981,
                0.0,
                0.23413801193237305,
                0.9721976518630981,
                0.0,
                0.23413801193237305,
                0.9721976518630981,
                0.0,
                0.23413801193237305,
                0.9721976518630981,
                0.0
            ],
            "vertices": [
                -1.9828622341156006,
                -0.10793988406658173,
                1.0,
                -0.03846287727355957,
                -0.5762470364570618,
                1.0,
                -1.9828622341156006,
                -0.10793997347354889,
                -1.0,
                -0.03846287727355957,
                -0.5762471556663513,
                -1.0
            ],
            "weights": [
                [
                    {
                        "index": 1,
                        "weight": 1.0
                    }
                ],
                [
                    {
                        "index": 1,
                        "weight": 1.0
                    }
                ],
                [
                    {
                        "index": 1,
                        "weight": 1.0
                    }
                ],
                [
                    {
                        "index": 1,
                        "weight": 1.0
                    }
                ]
            ]
        }
    ]
}