{
    "indices": [
        4,
        5,
        1,
        1,
        0,
        4,
        5,
        6,
        2,
        2,
        1,
        5,
        6,
        7,
        3,
        3,
        2,
        6,
        7,
        4,
        0,
        0,
        3,
        7,
        0,
        1,
        2,
        2,
        3,
        0,
        7,
        6,
        5,
        5,
        4,
        7
    ],
    "normals": [
        -0.5773502588272095,
        -0.5773502588272095,
        0.5773502588272095,
        -0.5773502588272095,
        -0.5773502588272095,
        -0.5773502588272095,
        0.5773502588272095,
        -0.5773502588272095,
        -0.5773502588272095,
        0.5773502588272095,
        -0.5773502588272095,
        0.5773502588272095,
        -0.5773502588272095,
        0.5773502588272095,
        0.5773502588272095,
        -0.5773502588272095,
        0.5773502588272095,
        -0.5773502588272095,
        0.5773502588272095,
        0.5773502588272095,
        -0.5773502588272095,
        0.5773502588272095,
        0.5773502588272095,
        0.5773502588272095
    ],
    "vertices": [
        -1.0,
        -0.9999999403953552,
        1.0,
        -1.0,
        -1.0,
        -0.9999999403953552,
        1.0,
        -1.0,
        -0.9999999403953552,
        1.0,
        -0.9999999403953552,
        1.0,
        -1.0,
        1.0,
        0.9999999403953552,
        -1.0,
        0.9999999403953552,
        -1.0,
        1.0,
        0.9999999403953552,
        -1.0,
        1.0,
        1.0,
        0.9999999403953552
    ]
}