{
    "indices": [
        0,
        2,
        3,
        2,
        0,
        1,
        4,
        6,
        5,
        6,
        4,
        7,
        0,
        5,
        1,
        5,
        0,
        4,
        1,
        6,
        2,
        6,
        1,
        5,
        2,
        7,
        3,
        7,
        2,
        6,
        4,
        3,
        7,
        3,
        4,
        0
    ],
    "normals": [
        0.5773502588272095,
        -0.5773502588272095,
        -0.5773502588272095,
        0.5773502588272095,
        -0.5773502588272095,
        0.5773502588272095,
        -0.5773502588272095,
        -0.5773502588272095,
        0.5773502588272095,
        -0.5773502588272095,
        -0.5773502588272095,
        -0.5773502588272095,
        0.5773502588272095,
        0.5773502588272095,
        -0.5773502588272095,
        0.5773502588272095,
        0.5773502588272095,
        0.5773502588272095,
        -0.5773502588272095,
        0.5773502588272095,
        0.5773502588272095,
        -0.5773502588272095,
        0.5773502588272095,
        -0.5773502588272095
    ],
    "vertices": [
        1.0,
        -1.0,
        -0.9999998807907104,
        1.0,
        -0.9999999403953552,
        1.0,
        -1.0000001192092896,
        -0.9999999403953552,
        0.9999998807907104,
        -0.9999996423721313,
        -1.0,
        -1.0000003576278687,
        1.0000004768371582,
        0.9999999403953552,
        -0.9999995231628418,
        0.9999993443489075,
        1.0,
        1.0000005960464478,
        -1.0000003576278687,
        1.0,
        0.9999995827674866,
        -0.9999999403953552,
        0.9999999403953552,
        -1.0
    ]
}