{
    "submeshes": [
        {
            "indices": [
                0,
                1,
                2,
                2,
                3,
                0,
                4,
                7,
                6,
                6,
                5,
                4,
                0,
                4,
                5,
                5,
                1,
                0,
                1,
                5,
                6,
                6,
                2,
                1,
                2,
                6,
                7,
                7,
                3,
                2,
                4,
                0,
                3,
                3,
                7,
                4
            ],
            "normals": [
                0.5773502588272095,
                -0.5773502588272095,
                -0.5773502588272095,
                0.5773502588272095,
                -0.5773502588272095,
                0.5773502588272095,
                -0.5773502588272095,
                -0.5773502588272095,
                0.5773502588272095,
                -0.5773502588272095,
                -0.5773502588272095,
                -0.5773502588272095,
                0.5773502588272095,
                0.5773502588272095,
                -0.5773502588272095,
                0.5773502588272095,
                0.5773502588272095,
                0.5773502588272095,
                -0.5773502588272095,
                0.5773502588272095,
                0.5773502588272095,
                -0.5773502588272095,
                0.5773502588272095,
                -0.5773502588272095
            ],
            "vertices": [
                1.0,
                -1.0,
                -0.9999998807907104,
                1.0,
                -0.9999999403953552,
                1.0,
                -1.0000001192092896,
                -0.9999999403953552,
                0.9999998807907104,
                -0.9999996423721313,
                -1.0,
                -1.0000003576278687,
                1.0000004768371582,
                0.9999999403953552,
                -0.9999995231628418,
                0.9999993443489075,
                1.0,
                1.0000005960464478,
                -1.0000003576278687,
                1.0,
                0.9999995827674866,
                -0.9999999403953552,
                0.9999999403953552,
                -1.0
            ]
        },
        {
            "indices": [
                4,
                5,
                1,
                1,
                0,
                4,
                5,
                6,
                2,
                2,
                1,
                5,
                6,
                7,
                3,
                3,
                2,
                6,
                7,
                4,
                0,
                0,
                3,
                7,
                0,
                1,
                2,
                2,
                3,
                0,
                7,
                6,
                5,
                5,
                4,
                7
            ],
            "normals": [
                -0.5773502588272095,
                -0.5773502588272095,
                0.5773502588272095,
                -0.5773502588272095,
                -0.5773502588272095,
                -0.5773502588272095,
                0.5773502588272095,
                -0.5773502588272095,
                -0.5773502588272095,
                0.5773502588272095,
                -0.5773502588272095,
                0.5773502588272095,
                -0.5773502588272095,
                0.5773502588272095,
                0.5773502588272095,
                -0.5773502588272095,
                0.5773502588272095,
                -0.5773502588272095,
                0.5773502588272095,
                0.5773502588272095,
                -0.5773502588272095,
                0.5773502588272095,
                0.5773502588272095,
                0.5773502588272095
            ],
            "vertices": [
                -1.0,
                -1.0000001192092896,
                -2.0,
                -1.0,
                -1.0000001192092896,
                -4.0,
                1.0,
                -1.0000001192092896,
                -4.0,
                1.0,
                -1.0000001192092896,
                -2.0,
                -1.0,
                0.9999999403953552,
                -2.0,
                -1.0,
                0.9999998211860657,
                -4.0,
                1.0,
                0.9999998211860657,
                -4.0,
                1.0,
                0.9999999403953552,
                -2.0
            ]
        }
    ]
}