{
    "indices": [
        0,
        3,
        2,
        3,
        0,
        1
    ],
    "normals": [
        0.0,
        1.0,
        -4.371138828673793e-08,
        0.0,
        1.0,
        -4.371138828673793e-08,
        0.0,
        1.0,
        -4.371138828673793e-08,
        0.0,
        1.0,
        -4.371138828673793e-08
    ],
    "vertices": [
        -1.0,
        4.371138828673793e-08,
        1.0,
        1.0,
        4.371138828673793e-08,
        1.0,
        -1.0,
        -4.371138828673793e-08,
        -1.0,
        1.0,
        -4.371138828673793e-08,
        -1.0
    ]
}