{
    "indices": [
        0,
        1,
        3,
        3,
        2,
        0
    ],
    "normals": [
        0.0,
        1.0,
        -4.371138828673793e-08,
        0.0,
        1.0,
        -4.371138828673793e-08,
        0.0,
        1.0,
        -4.371138828673793e-08,
        0.0,
        1.0,
        -4.371138828673793e-08
    ],
    "vertices": [
        -10.0,
        4.37113897078234e-07,
        10.0,
        10.0,
        4.37113897078234e-07,
        10.0,
        -10.0,
        -4.37113897078234e-07,
        -10.0,
        10.0,
        -4.37113897078234e-07,
        -10.0
    ]
}