{
    "indices": [
        0,
        1,
        2,
        2,
        3,
        0,
        4,
        7,
        6,
        6,
        5,
        4,
        0,
        4,
        5,
        5,
        1,
        0,
        1,
        5,
        6,
        6,
        2,
        1,
        2,
        6,
        7,
        7,
        3,
        2,
        4,
        0,
        3,
        3,
        7,
        4
    ],
    "normals": [
        0.5773502588272095,
        -0.5773502588272095,
        -0.5773502588272095,
        0.5773502588272095,
        -0.5773502588272095,
        0.5773502588272095,
        -0.5773502588272095,
        -0.5773502588272095,
        0.5773502588272095,
        -0.5773502588272095,
        -0.5773502588272095,
        -0.5773502588272095,
        0.5773502588272095,
        0.5773502588272095,
        -0.5773502588272095,
        0.5773502588272095,
        0.5773502588272095,
        0.5773502588272095,
        -0.5773502588272095,
        0.5773502588272095,
        0.5773502588272095,
        -0.5773502588272095,
        0.5773502588272095,
        -0.5773502588272095
    ],
    "vertices": [
        3.2546918392181396,
        -1.0,
        -0.9999998807907104,
        3.2546918392181396,
        -0.9999999403953552,
        1.0,
        -3.254692316055298,
        -0.9999999403953552,
        0.9999998807907104,
        -3.254690647125244,
        -1.0,
        -1.0000003576278687,
        3.2546935081481934,
        0.9999999403953552,
        -0.9999995231628418,
        3.2546896934509277,
        1.0,
        1.0000005960464478,
        -3.254693031311035,
        1.0,
        0.9999995827674866,
        -3.2546916007995605,
        0.9999999403953552,
        -1.0
    ]
}