{
    "indices": [
        2,
        0,
        1,
        1,
        3,
        2
    ],
    "normals": [
        0.0,
        4.371138828673793e-08,
        1.0,
        0.0,
        4.371138828673793e-08,
        1.0,
        0.0,
        4.371138828673793e-08,
        1.0,
        0.0,
        4.371138828673793e-08,
        1.0
    ],
    "vertices": [
        -1.0,
        -1.0,
        4.537909262580797e-06,

        0.9999996423721313,
        -1.0,
        -4.152461769990623e-06,

        -1.0000004768371582,
        1.0,
        3.973651928390609e-06,

        0.9999999403953552,
        1.0,
        -4.597513907356188e-06
    ]
}
